{"cameraMode":{"drawMode":0,"name":"Shaded","section":"Shading Mode"},"sceneLighting":true,"audioPlay":false,"sceneViewState":{"showFog":true,"showMaterialUpdate":false,"showSkybox":true,"showFlares":true,"showImageEffects":true,"showParticleSystems":true},"in2DMode":false,"pivot":{"x":2.500905990600586,"y":-1.2086617946624756,"z":-1.6093240976333619},"rotation":{"x":-0.17483898997306825,"y":0.027168480679392816,"z":-0.004825987387448549,"w":-0.9842122793197632},"size":8.7098388671875,"orthographic":false}